,id,revenue
0,3001,42538454
1,3002,480000
2,3003,34673095
3,3004,0
4,3005,653621
5,3006,656747
6,3007,2611555
7,3008,45554533
8,3009,37311672
9,3010,497366869
10,3011,16344
11,3012,60765
12,3013,60000000
13,3014,2816116
14,3015,5530764
15,3016,63931
16,3017,64572262
17,3018,103039258
18,3019,37823676
19,3020,1845034188
20,3021,0
21,3022,0
22,3023,0
23,3024,0
24,3025,0
25,3026,0
26,3027,0
27,3028,0
28,3029,0
29,3030,13678913
30,3031,5179037
31,3032,11502151
32,3033,203
33,3034,2074000
34,3035,3123963
35,3036,3000000
36,3037,62646763
37,3038,64188367
38,3039,8109160
39,3040,5274
40,3041,22939027
41,3042,4278150
42,3043,8493728
43,3044,14348529
44,3045,370569774
45,3046,1244381
46,3047,3650000
47,3048,9500000
48,3049,21630088
49,3050,0
50,3051,0
51,3052,0
52,3053,0
53,3054,0
54,3055,0
55,3056,0
56,3057,0
57,3058,310669540
58,3059,215496
59,3060,44547681
60,3061,34793160
61,3062,3669465
62,3063,676698
63,3064,121545703
64,3065,30426096
65,3066,45735397
66,3067,30911
67,3068,183097323
68,3069,245724603
69,3070,2197921
70,3071,447741
71,3072,825532764
72,3073,834457
73,3074,2390525
74,3075,33400000
75,3076,71073932
76,3077,261465
77,3078,0
78,3079,0
79,3080,0
80,3081,0
81,3082,0
82,3083,0
83,3084,0
84,3085,0
85,3086,55247881
86,3087,19411
87,3088,714544
88,3089,24591
89,3090,13405595
90,3091,21435321
91,3092,6003587
92,3093,367275019
93,3094,149270999
94,3095,14821658
95,3096,6892000
96,3097,890871626
97,3098,30218387
98,3099,45916769
99,3100,548039
100,3101,18553948
101,3102,121179
102,3103,183700
103,3104,1600000
104,3105,215663859
105,3106,0
106,3107,0
107,3108,0
108,3109,0
109,3110,0
110,3111,0
111,3112,0
112,3113,2159041
113,3114,33616692
114,3115,12000000
115,3116,57231524
116,3117,10759874
117,3118,4505
118,3119,347234916
119,3120,650422
120,3121,16000
121,3122,2375097
122,3123,1000000
123,3124,3003169
124,3125,667
125,3126,66673516
126,3127,20085825
127,3128,34077920
128,3129,295212467
129,3130,8200000
130,3131,3346265
131,3132,5100000
132,3133,0
133,3134,0
134,3135,0
135,3136,0
136,3137,0
137,3138,0
138,3139,0
139,3140,0
140,3141,40716963
141,3142,3
142,3143,368100420
143,3144,1576687
144,3145,23833131
145,3146,3786801
146,3147,47405566
147,3148,104810
148,3149,12764201
149,3150,104324083
150,3151,10012022
151,3152,5380251
152,3153,3447633
153,3154,7875862
154,3155,27462041
155,3156,5155325
156,3157,26781723
157,3158,411348924
158,3159,12890752
159,3160,7900000
160,3161,0
161,3162,0
162,3163,0
163,3164,0
164,3165,0
165,3166,0
166,3167,0
167,3168,0
168,3169,0
169,3170,33965843
170,3171,52096475
171,3172,12096300
172,3173,273137
173,3174,1178196
174,3175,60487945
175,3176,127730736
176,3177,51132598
177,3178,41424067
178,3179,2019469
179,3180,11400000
180,3181,12762
181,3182,168167691
182,3183,16951798
183,3184,46236000
184,3185,88933562
185,3186,179033791
186,3187,43059790
187,3188,566611
188,3189,173185859
189,3190,0
190,3191,0
191,3192,0
192,3193,0
193,3194,0
194,3195,0
195,3196,0
196,3197,0
197,3198,0
198,3199,100138851
199,3200,2280148
200,3201,0
201,3202,81350000
202,3203,21058000
203,3204,16724933
204,3205,850994
205,3206,13008928
206,3207,66980456
207,3208,1200000
208,3209,9250000
209,3210,585174222
210,3211,256249
211,3212,116766556
212,3213,14860766
213,3214,8000000
214,3215,146402
215,3216,498974
216,3217,546388105
217,3218,12947880
218,3219,0
219,3220,0
220,3221,0
221,3222,0
222,3223,0
223,3224,0
224,3225,0
225,3226,0
226,3227,0
227,3228,17626234
228,3229,179179718
229,3230,15008161
230,3231,11285588
231,3232,35000000
232,3233,10443316
233,3234,1776935
234,3235,454516
235,3236,82701
236,3237,741875
237,3238,1359910
238,3239,6420
239,3240,179246868
240,3241,9566593
241,3242,7177431
242,3243,20345361
243,3244,591696
244,3245,30905
245,3246,305070
246,3247,6045657
247,3248,0
248,3249,0
249,3250,0
250,3251,0
251,3252,0
252,3253,0
253,3254,0
254,3255,0
255,3256,0
256,3257,0
257,3258,15073942
258,3259,16942795
259,3260,40400
260,3261,712171856
261,3262,34592118
262,3263,1691706
263,3264,467363
264,3265,90425
265,3266,1339650
266,3267,29180280
267,3268,40836
268,3269,117224271
269,3270,19294901
270,3271,124191
271,3272,16549477
272,3273,791867
273,3274,304320254
274,3275,8000000
275,3276,2465960
276,3277,15000000
277,3278,0
278,3279,0
279,3280,0
280,3281,0
281,3282,0
282,3283,0
283,3284,0
284,3285,0
285,3286,11384015
286,3287,2277396
287,3288,18295
288,3289,178043761
289,3290,21500000
290,3291,75026965
291,3292,39407616
292,3293,20300385
293,3294,276891
294,3295,36000000
295,3296,4000000
296,3297,1864266
297,3298,170362582
298,3299,100000
299,3300,18671317
300,3301,40758
301,3302,6263224
302,3303,39481
303,3304,529766
304,3305,57103895
305,3306,0
306,3307,0
307,3308,0
308,3309,0
309,3310,0
310,3311,0
311,3312,0
312,3313,0
313,3314,0
314,3315,0
315,3316,7938872
316,3317,1503616
317,3318,12666
318,3319,3685862
319,3320,8862354
320,3321,1500000
321,3322,13940383
322,3323,177584879
323,3324,7547762
324,3325,152000000
325,3326,875457937
326,3327,153997819
327,3328,27685016
328,3329,1521261
329,3330,76066841
330,3331,222430
331,3332,38119483
332,3333,484635760
333,3334,16000000
334,3335,9494789
335,3336,0
336,3337,0
337,3338,0
338,3339,0
339,3340,0
340,3341,0
341,3342,0
342,3343,0
343,3344,0
344,3345,0
345,3346,16158487
346,3347,223959
347,3348,69701637
348,3349,91709827
349,3350,422610419
350,3351,851517
351,3352,1320005
352,3353,60474340
353,3354,324138
354,3355,20225989
355,3356,632542
356,3357,4037782
357,3358,24946533
358,3359,8821329
359,3360,28215453
360,3361,19551067
361,3362,9801375
362,3363,12058187
363,3364,21300000
364,3365,33400000
365,3366,0
366,3367,0
367,3368,0
368,3369,0
369,3370,0
370,3371,0
371,3372,0
372,3373,0
373,3374,0
374,3375,0
375,3376,21164799
376,3377,20112926
377,3378,28000000
378,3379,23159305
379,3380,78636257
380,3381,944915
381,3382,7211180
382,3383,414404
383,3384,5781885
384,3385,124731534
385,3386,349899
386,3387,7000000
387,3388,130293714
388,3389,705717432
389,3390,14000000
390,3391,16153593
391,3392,10297601
392,3393,10765283
393,3394,36850101
394,3395,368875760
395,3396,0
396,3397,0
397,3398,0
398,3399,0
399,3400,0
400,3401,0
401,3402,0
402,3403,0
403,3404,0
404,3405,0
405,3406,0
406,3407,61648500
407,3408,64445708
408,3409,212483
409,3410,0
410,3411,80197993
411,3412,4388563
412,3413,14375181
413,3414,594947
414,3415,2181987
415,3416,32000000
416,3417,173398518
417,3418,43000000
418,3419,232713139
419,3420,1062253
420,3421,44287131
421,3422,124919
422,3423,623722818
423,3424,123899
424,3425,206871
425,3426,45000000
426,3427,0
427,3428,0
428,3429,0
429,3430,0
430,3431,0
431,3432,0
432,3433,0
433,3434,0
434,3435,0
435,3436,0
436,3437,0
437,3438,33759266
438,3439,70752904
439,3440,14460000
440,3441,58401898
441,3442,0
442,3443,333912
443,3444,3028094
444,3445,189833357
445,3446,750000
446,3447,2455831
447,3448,8049666
448,3449,20000000
449,3450,71319546
450,3451,34700291
451,3452,9455232
452,3453,119100758
453,3454,34252847
454,3455,2341309
455,3456,48451803
456,3457,0
457,3458,0
458,3459,0
459,3460,0
460,3461,0
461,3462,0
462,3463,0
463,3464,0
464,3465,0
465,3466,1738611
466,3467,45000000
467,3468,57319029
468,3469,203373
469,3470,17350
470,3471,84563118
471,3472,1413000
472,3473,57814445
473,3474,109421911
474,3475,321885765
475,3476,30688860
476,3477,19682924
477,3478,20324096
478,3479,346147658
479,3480,8059140
480,3481,1500000
481,3482,1301121
482,3483,760000
483,3484,15260000
484,3485,118034273
485,3486,0
486,3487,0
487,3488,0
488,3489,0
489,3490,0
490,3491,0
491,3492,0
492,3493,0
493,3494,0
494,3495,108332743
495,3496,18875011
496,3497,171627166
497,3498,476684675
498,3499,12090735
499,3500,3460466
500,3501,117615211
501,3502,71441250
502,3503,286214286
503,3504,9489829
504,3505,528428
505,3506,117195061
506,3507,85131830
507,3508,21202829
508,3509,8708932
509,3510,7177143
510,3511,61947267
511,3512,89792502
512,3513,8000000
513,3514,11000000
514,3515,0
515,3516,0
516,3517,0
517,3518,0
518,3519,0
519,3520,0
520,3521,0
521,3522,0
522,3523,0
523,3524,0
524,3525,104945765
525,3526,24467000
526,3527,13145977
527,3528,939423
528,3529,333932083
529,3530,1641825
530,3531,12281551
531,3532,303788635
532,3533,12225023
533,3534,28262574
534,3535,329803958
535,3536,27305571
536,3537,65664721
537,3538,30000000
538,3539,39171130
539,3540,29170410
540,3541,8025872
541,3542,10000000
542,3543,6134438
543,3544,39438674
544,3545,0
545,3546,0
546,3547,0
547,3548,0
548,3549,0
549,3550,0
550,3551,0
551,3552,0
552,3553,0
553,3554,0
554,3555,176104344
555,3556,52597999
556,3557,178104
557,3558,246984278
558,3559,35931410
559,3560,84500000
560,3561,92219310
561,3562,2367161
562,3563,3109904
563,3564,12212123
564,3565,11000000
565,3566,81974493
566,3567,55125
567,3568,26386000
568,3569,96976270
569,3570,1666511
570,3571,84646831
571,3572,494471524
572,3573,3587303
573,3574,17762705
574,3575,0
575,3576,0
576,3577,0
577,3578,0
578,3579,0
579,3580,0
580,3581,0
581,3582,0
582,3583,0
583,3584,91196419
584,3585,9576495
585,3586,79384880
586,3587,116873
587,3588,3770657
588,3589,29999213
589,3590,43312294
590,3591,752600867
591,3592,1247946
592,3593,63802
593,3594,13
594,3595,66966987
595,3596,67800064
596,3597,36782781
597,3598,55494066
598,3599,15942628
599,3600,823258
600,3601,3309421
601,3602,4541800
602,3603,368234
603,3604,0
604,3605,0
605,3606,0
606,3607,0
607,3608,0
608,3609,0
609,3610,0
610,3611,0
611,3612,0
612,3613,0
613,3614,160078586
614,3615,23237911
615,3616,17768900
616,3617,9482579
617,3618,197011982
618,3619,500
619,3620,609841637
620,3621,449220945
621,3622,393616788
622,3623,46683377
623,3624,89417
624,3625,14812000
625,3626,44456478
626,3627,12398628
627,3628,482860185
628,3629,610986
629,3630,44689
630,3631,255000211
631,3632,22512655
632,3633,29882645
633,3634,0
634,3635,0
635,3636,0
636,3637,0
637,3638,0
638,3639,0
639,3640,0
640,3641,0
641,3642,0
642,3643,21510851
643,3644,12975143
644,3645,42426912
645,3646,16853487
646,3647,109000000
647,3648,9600000
648,3649,6800000
649,3650,4736202
650,3651,783766341
651,3652,7000000
652,3653,300218018
653,3654,95242
654,3655,24164400
655,3656,19030691
656,3657,1156000
657,3658,20200000
658,3659,139000000
659,3660,145771527
660,3661,24538513
661,3662,26810113
662,3663,0
663,3664,0
664,3665,0
665,3666,0
666,3667,0
667,3668,0
668,3669,0
669,3670,0
670,3671,0
671,3672,2835116
672,3673,19598588
673,3674,13609396
674,3675,529076069
675,3676,129394835
676,3677,54667954
677,3678,6110000
678,3679,74000000
679,3680,22000000
680,3681,9000000
681,3682,237382724
682,3683,30000000
683,3684,302710615
684,3685,128107642
685,3686,1423000
686,3687,186072214
687,3688,4916871
688,3689,512451
689,3690,55181129
690,3691,5000000
691,3692,0
692,3693,0
693,3694,0
694,3695,0
695,3696,0
696,3697,0
697,3698,0
698,3699,0
699,3700,0
700,3701,0
701,3702,175742
702,3703,161772375
703,3704,53000000
704,3705,2336172
705,3706,69623713
706,3707,1431623
707,3708,44460850
708,3709,209073645
709,3710,60896147
710,3711,15934737
711,3712,63543328
712,3713,7825000
713,3714,0
714,3715,36433975
715,3716,37710610
716,3717,6033999
717,3718,19104350
718,3719,72258126
719,3720,128000000
720,3721,88097
721,3722,0
722,3723,0
723,3724,0
724,3725,0
725,3726,0
726,3727,0
727,3728,0
728,3729,0
729,3730,0
730,3731,0
731,3732,5
732,3733,450717150
733,3734,433677183
734,3735,75511123
735,3736,34564651
736,3737,13200000
737,3738,8000000
738,3739,2500000
739,3740,14444999
740,3741,7411659
741,3742,87892388
742,3743,107071655
743,3744,95427515
744,3745,19075720
745,3746,171183863
746,3747,10000
747,3748,1430655
748,3749,29381956
749,3750,2425000
750,3751,30638
751,3752,0
752,3753,0
753,3754,0
754,3755,0
755,3756,0
756,3757,0
757,3758,0
758,3759,0
759,3760,59418613
760,3761,41325328
761,3762,383531464
762,3763,29202884
763,3764,19844979
764,3765,1791328
765,3766,32251
766,3767,33833201
767,3768,15306000
768,3769,9708373
769,3770,229094
770,3771,17807569
771,3772,18971000
772,3773,100000000
773,3774,12600000
774,3775,238470033
775,3776,119137784
776,3777,13954476
777,3778,3214998
778,3779,38934048
779,3780,0
780,3781,0
781,3782,0
782,3783,0
783,3784,0
784,3785,0
785,3786,0
786,3787,0
787,3788,0
788,3789,0
789,3790,14742
790,3791,4939939
791,3792,80
792,3793,1750301
793,3794,2439705
794,3795,169801921
795,3796,5900000
796,3797,1794187
797,3798,118243066
798,3799,28881266
799,3800,3014000
800,3801,31611225
801,3802,33962
802,3803,16000000
803,3804,531826
804,3805,5600000
805,3806,15171476
806,3807,306724
807,3808,167000
808,3809,27400000
809,3810,0
810,3811,0
811,3812,0
812,3813,0
813,3814,0
814,3815,0
815,3816,0
816,3817,0
817,3818,0
818,3819,0
819,3820,194564672
820,3821,2351359
821,3822,16000000
822,3823,2945600
823,3824,18144030
824,3825,69474661
825,3826,82394288
826,3827,98376292
827,3828,10178331
828,3829,10
829,3830,79817939
830,3831,0
831,3832,135560026
832,3833,11534477
833,3834,3759582
834,3835,2000000
835,3836,4245870
836,3837,66787908
837,3838,12141122
838,3839,2633527
839,3840,0
840,3841,0
841,3842,0
842,3843,0
843,3844,0
844,3845,0
845,3846,0
846,3847,0
847,3848,0
848,3849,100860818
849,3850,24000000
850,3851,17200925
851,3852,15500000
852,3853,86165646
853,3854,2209023
854,3855,732655
855,3856,15645616
856,3857,356743061
857,3858,37895
858,3859,28084357
859,3860,4000000
860,3861,83304330
861,3862,2554476
862,3863,124305181
863,3864,30718107
864,3865,269958228
865,3866,12974636
866,3867,75108998
867,3868,7871522
868,3869,0
869,3870,0
870,3871,0
871,3872,7235
872,3873,29027914
873,3874,776691
874,3875,53181600
875,3876,1200000
876,3877,38625550
877,3878,140767956
878,3879,441818803
879,3880,12454768
880,3881,18
881,3882,4786789
882,3883,9112193
883,3884,618638999
884,3885,9622846
885,3886,41009669
886,3887,27379978
887,3888,11620000
888,3889,173000000
889,3890,71664962
890,3891,39103425
891,3892,0
892,3893,0
893,3894,0
894,3895,0
895,3896,0
896,3897,0
897,3898,0
898,3899,745600054
899,3900,184925486
900,3901,6000000
901,3902,759393
902,3903,566006
903,3904,14483352
904,3905,16174377
905,3906,79114085
906,3907,40000000
907,3908,50710400
908,3909,799674
909,3910,81600000
910,3911,1550000
911,3912,29916207
912,3913,96455697
913,3914,2494480
914,3915,817400891
915,3916,178174
916,3917,516139
917,3918,29392418
918,3919,0
919,3920,0
920,3921,0
921,3922,0
922,3923,0
923,3924,0
924,3925,0
925,3926,0
926,3927,0
927,3928,47383689
928,3929,96900000
929,3930,15489307
930,3931,1428291
931,3932,8638072
932,3933,14894347
933,3934,39514713
934,3935,41
935,3936,222000
936,3937,171757863
937,3938,28202109
938,3939,27100027
939,3940,7471304
940,3941,14560247
941,3942,228738393
942,3943,1056057273
943,3944,6330000
944,3945,145000000
945,3946,16262415
946,3947,173959438
947,3948,0
948,3949,0
949,3950,0
950,3951,0
951,3952,0
952,3953,0
953,3954,0
954,3955,0
955,3956,0
956,3957,15445131
957,3958,95000
958,3959,20000000
959,3960,9114702
960,3961,19351569
961,3962,427418
962,3963,11850214
963,3964,1091405097
964,3965,33561137
965,3966,3758328
966,3967,109578115
967,3968,22611954
968,3969,715
969,3970,22168359
970,3971,23430766
971,3972,83073883
972,3973,17900000
973,3974,4508104
974,3975,199200000
975,3976,85412898
976,3977,0
977,3978,0
978,3979,0
979,3980,0
980,3981,0
981,3982,0
982,3983,0
983,3984,0
984,3985,0
985,3986,752215857
986,3987,21400000
987,3988,32861136
988,3989,27453418
989,3990,3020664
990,3991,72689
991,3992,5800000
992,3993,8720000
993,3994,18618284
994,3995,51842679
995,3996,94000000
996,3997,2401510
997,3998,88323487
998,3999,3184348
999,4000,41323171
1000,4001,10165694
1001,4002,127814609
1002,4003,240239
1003,4004,70442940
1004,4005,500000
1005,4006,0
1006,4007,0
1007,4008,0
1008,4009,0
1009,4010,0
1010,4011,0
1011,4012,0
1012,4013,0
1013,4014,0
1014,4015,55157539
1015,4016,65464324
1016,4017,1353868
1017,4018,75395048
1018,4019,429632142
1019,4020,7294403
1020,4021,75505973
1021,4022,9381260
1022,4023,122919055
1023,4024,40697761
1024,4025,169976
1025,4026,173046663
1026,4027,9612469
1027,4028,6900000
1028,4029,124994
1029,4030,21633874
1030,4031,57777106
1031,4032,1605463
1032,4033,159429
1033,4034,3184472
1034,4035,0
1035,4036,0
1036,4037,0
1037,4038,0
1038,4039,0
1039,4040,0
1040,4041,0
1041,4042,0
1042,4043,0
1043,4044,0
1044,4045,0
1045,4046,11098131
1046,4047,467365246
1047,4048,1189315
1048,4049,2755584
1049,4050,121461
1050,4051,682330139
1051,4052,48965210
1052,4053,154323
1053,4054,111000
1054,4055,317000
1055,4056,41387687
1056,4057,97000
1057,4058,8000000
1058,4059,153155
1059,4060,16930884
1060,4061,504050219
1061,4062,23530831
1062,4063,16566240
1063,4064,353624124
1064,4065,149022650
1065,4066,0
1066,4067,0
1067,4068,0
1068,4069,0
1069,4070,0
1070,4071,0
1071,4072,0
1072,4073,0
1073,4074,0
1074,4075,0
1075,4076,3675201
1076,4077,177856751
1077,4078,2426851
1078,4079,113309743
1079,4080,7788597
1080,4081,78000000
1081,4082,140175006
1082,4083,163876815
1083,4084,10550
1084,4085,96070507
1085,4086,249348933
1086,4087,30238577
1087,4088,79258538
1088,4089,5344577
1089,4090,18035000
1090,4091,23202444
1091,4092,15826984
1092,4093,9171289
1093,4094,12000000
1094,4095,319131050
1095,4096,0
1096,4097,0
1097,4098,0
1098,4099,0
1099,4100,0
1100,4101,0
1101,4102,0
1102,4103,0
1103,4104,0
1104,4105,235262
1105,4106,302179
1106,4107,6126237
1107,4108,11207130
1108,4109,676525
1109,4110,23686027
1110,4111,4200000
1111,4112,10629321
1112,4113,101758490
1113,4114,126546825
1114,4115,4720371
1115,4116,102836002
1116,4117,5000000
1117,4118,15785148
1118,4119,46546197
1119,4120,796368
1120,4121,11480000
1121,4122,131426169
1122,4123,16393000
1123,4124,21148829
1124,4125,0
1125,4126,0
1126,4127,0
1127,4128,0
1128,4129,0
1129,4130,0
1130,4131,0
1131,4132,0
1132,4133,0
1133,4134,12633747
1134,4135,13411957
1135,4136,295238201
1136,4137,7690013
1137,4138,183936074
1138,4139,20173742
1139,4140,208000000
1140,4141,8556940
1141,4142,84542002
1142,4143,51376861
1143,4144,3952448
1144,4145,31724284
1145,4146,24267
1146,4147,30400
1147,4148,8810591
1148,4149,3011195
1149,4150,1410778
1150,4151,15000000
1151,4152,8112712
1152,4153,84300000
1153,4154,0
1154,4155,0
1155,4156,0
1156,4157,0
1157,4158,0
1158,4159,0
1159,4160,0
1160,4161,0
1161,4162,0
1162,4163,69834815
1163,4164,4500
1164,4165,13994920
1165,4166,5802422
1166,4167,123205624
1167,4168,1678874
1168,4169,0
1169,4170,223839
1170,4171,26559557
1171,4172,52826594
1172,4173,809000
1173,4174,19152480
1174,4175,11000000
1175,4176,5656087
1176,4177,2800
1177,4178,474968763
1178,4179,10900434
1179,4180,177977226
1180,4181,13680000
1181,4182,11000000
1182,4183,0
1183,4184,0
1184,4185,0
1185,4186,0
1186,4187,0
1187,4188,0
1188,4189,0
1189,4190,0
1190,4191,0
1191,4192,0
1192,4193,222104681
1193,4194,90400000
1194,4195,33231264
1195,4196,15
1196,4197,21709020
1197,4198,500000
1198,4199,18016290
1199,4200,111811453
1200,4201,42972994
1201,4202,553810228
1202,4203,6582065
1203,4204,64414761
1204,4205,88025781
1205,4206,0
1206,4207,349424282
1207,4208,857611174
1208,4209,30036000
1209,4210,127869379
1210,4211,48017402
1211,4212,497409852
1212,4213,0
1213,4214,0
1214,4215,0
1215,4216,0
1216,4217,0
1217,4218,19300000
1218,4219,14867514
1219,4220,36450736
1220,4221,92
1221,4222,841
1222,4223,38755073
1223,4224,19633027
1224,4225,38120905
1225,4226,5617391
1226,4227,12348905
1227,4228,405331
1228,4229,56106607
1229,4230,13001257
1230,4231,20518905
1231,4232,5000000
1232,4233,79082515
1233,4234,2995811
1234,4235,5770254
1235,4236,1710057
1236,4237,3360800
1237,4238,0
1238,4239,0
1239,4240,0
1240,4241,0
1241,4242,0
1242,4243,0
1243,4244,0
1244,4245,0
1245,4246,2492001
1246,4247,185991646
1247,4248,5923000
1248,4249,38399961
1249,4250,43165571
1250,4251,263941
1251,4252,69929545
1252,4253,53909751
1253,4254,40283321
1254,4255,182057016
1255,4256,270997378
1256,4257,73521587
1257,4258,22400154
1258,4259,5126264
1259,4260,277448382
1260,4261,1066471
1261,4262,2300000
1262,4263,5093707
1263,4264,494878759
1264,4265,50236831
1265,4266,0
1266,4267,0
1267,4268,0
1268,4269,0
1269,4270,0
1270,4271,0
1271,4272,0
1272,4273,38956288
1273,4274,19853892
1274,4275,9705840
1275,4276,20458340
1276,4277,84460846
1277,4278,7532911
1278,4279,173921954
1279,4280,48000
1280,4281,1300000
1281,4282,15122000
1282,4283,739690
1283,4284,10000000
1284,4285,28
1285,4286,538983207
1286,4287,49830607
1287,4288,77208711
1288,4289,8083123
1289,4290,117932401
1290,4291,1293976
1291,4292,339889
1292,4293,0
1293,4294,0
1294,4295,0
1295,4296,0
1296,4297,0
1297,4298,0
1298,4299,0
1299,4300,0
1300,4301,0
1301,4302,927704
1302,4303,27762648
1303,4304,2395231
1304,4305,74952305
1305,4306,19145732
1306,4307,30655
1307,4308,425788
1308,4309,33372606
1309,4310,11787127
1310,4311,8041049
1311,4312,18090181
1312,4313,389925971
1313,4314,3558669
1314,4315,131183530
1315,4316,433013274
1316,4317,184890
1317,4318,44862187
1318,4319,5
1319,4320,265318
1320,4321,42045846
1321,4322,0
1322,4323,0
1323,4324,0
1324,4325,0
1325,4326,0
1326,4327,0
1327,4328,0
1328,4329,0
1329,4330,0
1330,4331,147298761
1331,4332,42064105
1332,4333,6584159
1333,4334,7033683
1334,4335,140161792
1335,4336,4064495
1336,4337,76901
1337,4338,150166126
1338,4339,7959291
1339,4340,1477676
1340,4341,2015810
1341,4342,11672363
1342,4343,27515786
1343,4344,964206
1344,4345,2400000
1345,4346,13785015
1346,4347,36516012
1347,4348,2000000
1348,4349,248384621
1349,4350,16361885
1350,4351,0
1351,4352,0
1352,4353,0
1353,4354,0
1354,4355,0
1355,4356,0
1356,4357,0
1357,4358,0
1358,4359,0
1359,4360,94728529
1360,4361,101595121
1361,4362,1276000
1362,4363,45479110
1363,4364,47951979
1364,4365,7355425
1365,4366,31554855
1366,4367,60000000
1367,4368,144056873
1368,4369,32645546
1369,4370,190212113
1370,4371,33754967
1371,4372,22309223
1372,4373,57806952
1373,4374,12376563
1374,4375,9
1375,4376,2203
1376,4377,45710059
1377,4378,30859000
1378,4379,126690726
1379,4380,0
1380,4381,0
1381,4382,0
1382,4383,0
1383,4384,0
1384,4385,0
1385,4386,0
1386,4387,0
1387,4388,1402307
1388,4389,169327687
1389,4390,4851244
1390,4391,4781454
1391,4392,57958696
1392,4393,45300000
1393,4394,45636368
1394,4395,40442437
1395,4396,136706683
1396,4397,30177511
1397,4398,211989043
1398,4399,3250000
1399,4400,1227324
1400,4401,63000000
1401,4402,29844753
1402,4403,17436509
1403,4404,159157447
1404,4405,35564473
1405,4406,490964
1406,4407,48125
1407,4408,0
1408,4409,0
1409,4410,0
1410,4411,0
1411,4412,0
1412,4413,0
1413,4414,0
1414,4415,0
1415,4416,0
1416,4417,152159461
1417,4418,1708837
1418,4419,20423389
1419,4420,232380243
1420,4421,9938268
1421,4422,26251899
1422,4423,8538318
1423,4424,0
1424,4425,271841
1425,4426,3029287
1426,4427,201965915
1427,4428,209151
1428,4429,807947
1429,4430,30169
1430,4431,927277
1431,4432,171844840
1432,4433,169956806
1433,4434,624026776
1434,4435,6000000
1435,4436,78898765
1436,4437,0
1437,4438,0
1438,4439,0
1439,4440,0
1440,4441,0
1441,4442,0
1442,4443,0
1443,4444,0
1444,4445,0
1445,4446,6467348
1446,4447,242786137
1447,4448,3643591
1448,4449,22905522
1449,4450,5409517
1450,4451,940335536
1451,4452,64088552
1452,4453,367638
1453,4454,1262091
1454,4455,6950125
1455,4456,117758500
1456,4457,5279982
1457,4458,9409000
1458,4459,95461682
1459,4460,16
1460,4461,32168970
1461,4462,84618541
1462,4463,929606
1463,4464,11146270
1464,4465,7972967
1465,4466,0
1466,4467,0
1467,4468,0
1468,4469,0
1469,4470,0
1470,4471,0
1471,4472,0
1472,4473,0
1473,4474,6110000
1474,4475,851545
1475,4476,108282
1476,4477,58878723
1477,4478,17850711
1478,4479,200242
1479,4480,231976425
1480,4481,745327
1481,4482,14155617
1482,4483,83957
1483,4484,10422387
1484,4485,33526835
1485,4486,61768190
1486,4487,295206
1487,4488,116476887
1488,4489,47088990
1489,4490,2483130
1490,4491,128798265
1491,4492,22000000
1492,4493,299261
1493,4494,0
1494,4495,0
1495,4496,0
1496,4497,0
1497,4498,0
1498,4499,0
1499,4500,0
1500,4501,0
1501,4502,0
1502,4503,268031828
1503,4504,5935269
1504,4505,342183
1505,4506,41037742
1506,4507,124494
1507,4508,250993
1508,4509,21353303
1509,4510,24941969
1510,4511,131940411
1511,4512,25049
1512,4513,117000198
1513,4514,20146880
1514,4515,287594577
1515,4516,5728953
1516,4517,17479
1517,4518,282570682
1518,4519,102356381
1519,4520,4884663
1520,4521,42300873
1521,4522,71868327
1522,4523,0
1523,4524,0
1524,4525,0
1525,4526,0
1526,4527,0
1527,4528,0
1528,4529,0
1529,4530,0
1530,4531,0
1531,4532,0
1532,4533,75902208
1533,4534,27362712
1534,4535,17869048
1535,4536,18869631
1536,4537,84552250
1537,4538,8235661
1538,4539,20419446
1539,4540,300473716
1540,4541,868439
1541,4542,140705322
1542,4543,177394432
1543,4544,7754571
1544,4545,135039
1545,4546,720074
1546,4547,12005838
1547,4548,336472
1548,4549,4358000
1549,4550,67308282
1550,4551,1065659812
1551,4552,46836394
1552,4553,0
1553,4554,0
1554,4555,0
1555,4556,0
1556,4557,0
1557,4558,0
1558,4559,0
1559,4560,0
1560,4561,0
1561,4562,0
1562,4563,203388186
1563,4564,150000
1564,4565,1369280
1565,4566,29331068
1566,4567,12379402
1567,4568,20666667
1568,4569,9366227
1569,4570,6230276
1570,4571,2025032
1571,4572,28008462
1572,4573,4636169
1573,4574,18928
1574,4575,876302
1575,4576,4349187
1576,4577,21384035
1577,4578,9627492
1578,4579,35000
1579,4580,29800000
1580,4581,5217498
1581,4582,45892212
1582,4583,0
1583,4584,0
1584,4585,0
1585,4586,0
1586,4587,0
1587,4588,0
1588,4589,0
1589,4590,0
1590,4591,0
1591,4592,2409225
1592,4593,10508
1593,4594,22244207
1594,4595,877244782
1595,4596,665692281
1596,4597,9000000
1597,4598,130358911
1598,4599,7200000
1599,4600,23646952
1600,4601,16838910
1601,4602,10898293
1602,4603,16702864
1603,4604,50752337
1604,4605,197309027
1605,4606,189198313
1606,4607,20766616
1607,4608,27412220
1608,4609,10424470
1609,4610,108145109
1610,4611,25174316
1611,4612,0
1612,4613,0
1613,4614,0
1614,4615,0
1615,4616,0
1616,4617,0
1617,4618,0
1618,4619,0
1619,4620,0
1620,4621,107670357
1621,4622,80640528
1622,4623,11000000
1623,4624,4
1624,4625,19450000
1625,4626,5048693
1626,4627,19170001
1627,4628,908000
1628,4629,10348437
1629,4630,354704
1630,4631,6582052
1631,4632,44462
1632,4633,495861
1633,4634,282448
1634,4635,16661077
1635,4636,115229890
1636,4637,2777280
1637,4638,19504039
1638,4639,57
1639,4640,20627372
1640,4641,0
1641,4642,0
1642,4643,0
1643,4644,0
1644,4645,0
1645,4646,0
1646,4647,0
1647,4648,0
1648,4649,0
1649,4650,0
1650,4651,46908987
1651,4652,1031552585
1652,4653,65352
1653,4654,27388767
1654,4655,32017803
1655,4656,4729352
1656,4657,14752
1657,4658,29800000
1658,4659,8524534
1659,4660,20710513
1660,4661,13167232
1661,4662,92076
1662,4663,7027290
1663,4664,0
1664,4665,19724334
1665,4666,10337477
1666,4667,81093313
1667,4668,3000000
1668,4669,5750
1669,4670,6814789
1670,4671,0
1671,4672,0
1672,4673,0
1673,4674,0
1674,4675,0
1675,4676,0
1676,4677,0
1677,4678,0
1678,4679,0
1679,4680,161820
1680,4681,11417362
1681,4682,41687243
1682,4683,278720
1683,4684,1162635
1684,4685,84146832
1685,4686,7292175
1686,4687,4210454
1687,4688,96085477
1688,4689,33472850
1689,4690,4662137
1690,4691,985117
1691,4692,19740070
1692,4693,96568
1693,4694,5761917
1694,4695,6413915
1695,4696,47965000
1696,4697,65784503
1697,4698,3106559
1698,4699,5780000
1699,4700,0
1700,4701,0
1701,4702,0
1702,4703,0
1703,4704,0
1704,4705,0
1705,4706,0
1706,4707,0
1707,4708,0
1708,4709,0
1709,4710,245527149
1710,4711,7527232
1711,4712,1720953
1712,4713,362744280
1713,4714,2570145
1714,4715,156021
1715,4716,230600
1716,4717,69564
1717,4718,6833445
1718,4719,136
1719,4720,14681661
1720,4721,6530000
1721,4722,115505027
1722,4723,98017
1723,4724,90000098
1724,4725,2333684
1725,4726,157645
1726,4727,45000000
1727,4728,1381665
1728,4729,155446362
1729,4730,0
1730,4731,0
1731,4732,0
1732,4733,0
1733,4734,0
1734,4735,0
1735,4736,0
1736,4737,0
1737,4738,0
1738,4739,0
1739,4740,591794936
1740,4741,90275
1741,4742,55969000
1742,4743,166770
1743,4744,1632
1744,4745,254455986
1745,4746,15156200
1746,4747,14400000
1747,4748,159291809
1748,4749,4594452
1749,4750,17385830
1750,4751,140312928
1751,4752,18100189
1752,4753,7206220
1753,4754,623933331
1754,4755,48143579
1755,4756,55041738
1756,4757,188072649
1757,4758,113916474
1758,4759,264218220
1759,4760,0
1760,4761,0
1761,4762,0
1762,4763,0
1763,4764,0
1764,4765,0
1765,4766,0
1766,4767,0
1767,4768,0
1768,4769,10219460
1769,4770,157920733
1770,4771,45284974
1771,4772,3283371
1772,4773,13290368
1773,4774,10217873
1774,4775,44000
1775,4776,7133082
1776,4777,478207520
1777,4778,76669806
1778,4779,21660
1779,4780,307077295
1780,4781,20728
1781,4782,14000000
1782,4783,13196245
1783,4784,4865912
1784,4785,45967935
1785,4786,105173115
1786,4787,75225693
1787,4788,4504974
1788,4789,0
1789,4790,0
1790,4791,0
1791,4792,0
1792,4793,0
1793,4794,0
1794,4795,0
1795,4796,0
1796,4797,0
1797,4798,0
1798,4799,37121708
1799,4800,8946237
1800,4801,56000
1801,4802,33771174
1802,4803,861789
1803,4804,9696204
1804,4805,664747
1805,4806,779137
1806,4807,106640000
1807,4808,48398
1808,4809,244931766
1809,4810,3992809
1810,4811,2015882
1811,4812,234989584
1812,4813,222724172
1813,4814,8646157
1814,4815,145793296
1815,4816,47624253
1816,4817,31000000
1817,4818,13260050
1818,4819,0
1819,4820,0
1820,4821,0
1821,4822,0
1822,4823,0
1823,4824,0
1824,4825,0
1825,4826,0
1826,4827,0
1827,4828,5728213
1828,4829,10289
1829,4830,3494070
1830,4831,71625195
1831,4832,3250000
1832,4833,26713187
1833,4834,3800000
1834,4835,263591415
1835,4836,1051948
1836,4837,469160692
1837,4838,85000000
1838,4839,0
1839,4840,521170825
1840,4841,299171
1841,4842,48600000
1842,4843,0
1843,4844,2900000
1844,4845,11439193
1845,4846,123572
1846,4847,414351546
1847,4848,0
1848,4849,0
1849,4850,0
1850,4851,0
1851,4852,0
1852,4853,0
1853,4854,0
1854,4855,0
1855,4856,0
1856,4857,0
1857,4858,33662874
1858,4859,850575
1859,4860,219851172
1860,4861,275293450
1861,4862,377350553
1862,4863,542307423
1863,4864,51801187
1864,4865,39321715
1865,4866,17233166
1866,4867,179213434
1867,4868,274661
1868,4869,57862
1869,4870,114000000
1870,4871,58000000
1871,4872,604856
1872,4873,1115493
1873,4874,109906372
1874,4875,32492674
1875,4876,5914908
1876,4877,65070412
1877,4878,0
1878,4879,0
1879,4880,0
1880,4881,0
1881,4882,0
1882,4883,0
1883,4884,0
1884,4885,0
1885,4886,0
1886,4887,0
1887,4888,0
1888,4889,17014653
1889,4890,168840000
1890,4891,269144
1891,4892,14061361
1892,4893,236412453
1893,4894,32000000
1894,4895,2341226
1895,4896,59600000
1896,4897,15172408
1897,4898,50650079
1898,4899,88761661
1899,4900,264105545
1900,4901,22222308
1901,4902,3542353
1902,4903,122
1903,4904,261930431
1904,4905,63464861
1905,4906,330048
1906,4907,954305868
1907,4908,0
1908,4909,0
1909,4910,0
1910,4911,0
1911,4912,0
1912,4913,0
1913,4914,0
1914,4915,0
1915,4916,0
1916,4917,0
1917,4918,361366633
1918,4919,56032889
1919,4920,62134225
1920,4921,58785180
1921,4922,69660733
1922,4923,581011
1923,4924,91353501
1924,4925,154984035
1925,4926,11229
1926,4927,40100000
1927,4928,705308
1928,4929,1169603
1929,4930,34377585
1930,4931,2281089
1931,4932,14000000
1932,4933,57269863
1933,4934,6000000
1934,4935,1671713208
1935,4936,2186782
1936,4937,4793
1937,4938,0
1938,4939,0
1939,4940,0
1940,4941,0
1941,4942,0
1942,4943,0
1943,4944,0
1944,4945,0
1945,4946,0
1946,4947,0
1947,4948,153205
1948,4949,2521
1949,4950,10680275
1950,4951,182016617
1951,4952,26527510
1952,4953,98337295
1953,4954,26193068
1954,4955,299200
1955,4956,5284309
1956,4957,1755212
1957,4958,869325
1958,4959,674918
1959,4960,4250000
1960,4961,71154592
1961,4962,27843
1962,4963,68129518
1963,4964,3302463
1964,4965,2685000
1965,4966,1659542
1966,4967,50041732
1967,4968,0
1968,4969,0
1969,4970,0
1970,4971,0
1971,4972,0
1972,4973,0
1973,4974,0
1974,4975,0
1975,4976,0
1976,4977,47126295
1977,4978,2411145
1978,4979,748453
1979,4980,151530
1980,4981,92863945
1981,4982,19726050
1982,4983,9116968
1983,4984,40031879
1984,4985,425368238
1985,4986,1450000
1986,4987,7356393
1987,4988,2011837
1988,4989,52302796
1989,4990,273747
1990,4991,2466444
1991,4992,105316267
1992,4993,6748712
1993,4994,30822861
1994,4995,3006000
1995,4996,15250000
1996,4997,0
1997,4998,0
1998,4999,0
1999,5000,0
2000,5001,0
2001,5002,0
2002,5003,0
2003,5004,0
2004,5005,0
2005,5006,150962475
2006,5007,65535067
2007,5008,401128639
2008,5009,15700000
2009,5010,9200000
2010,5011,303877
2011,5012,19870567
2012,5013,5678950
2013,5014,44726644
2014,5015,14096321
2015,5016,132440069
2016,5017,13368437
2017,5018,4385516
2018,5019,19204929
2019,5020,4439431
2020,5021,288
2021,5022,37295445
2022,5023,2915767
2023,5024,38869464
2024,5025,70569
2025,5026,0
2026,5027,0
2027,5028,0
2028,5029,0
2029,5030,0
2030,5031,0
2031,5032,0
2032,5033,0
2033,5034,0
2034,5035,1
2035,5036,1568749
2036,5037,10501938
2037,5038,585178928
2038,5039,2063312
2039,5040,15436808
2040,5041,62493712
2041,5042,9532895
2042,5043,24261569
2043,5044,288347692
2044,5045,7034007
2045,5046,614202
2046,5047,362222
2047,5048,1142944
2048,5049,24000000
2049,5050,950000
2050,5051,306941670
2051,5052,224012234
2052,5053,22099847
2053,5054,177371441
2054,5055,0
2055,5056,0
2056,5057,0
2057,5058,0
2058,5059,0
2059,5060,0
2060,5061,0
2061,5062,0
2062,5063,0
2063,5064,0
2064,5065,13231461
2065,5066,8100000
2066,5067,49050886
2067,5068,104945305
2068,5069,252276927
2069,5070,63027681
2070,5071,214015089
2071,5072,126216940
2072,5073,28590665
2073,5074,4500000
2074,5075,5164404
2075,5076,7603766
2076,5077,93888180
2077,5078,8622757
2078,5079,6852450
2079,5080,72028752
2080,5081,60161391
2081,5082,22765081
2082,5083,5241315
2083,5084,14110013
2084,5085,0
2085,5086,0
2086,5087,0
2087,5088,0
2088,5089,0
2089,5090,0
2090,5091,0
2091,5092,0
2092,5093,0
2093,5094,0
2094,5095,43935763
2095,5096,238227
2096,5097,1910
2097,5098,345872
2098,5099,31500000
2099,5100,2160298
2100,5101,406881
2101,5102,14
2102,5103,622806
2103,5104,65090821
2104,5105,3538446
2105,5106,381420
2106,5107,28234657
2107,5108,7314027
2108,5109,4900000
2109,5110,28000000
2110,5111,224834564
2111,5112,1068682
2112,5113,1589109
2113,5114,7000000
2114,5115,0
2115,5116,0
2116,5117,0
2117,5118,0
2118,5119,0
2119,5120,0
2120,5121,0
2121,5122,0
2122,5123,0
2123,5124,0
2124,5125,63513743
2125,5126,2341534
2126,5127,34266564
2127,5128,1160268
2128,5129,5333333
2129,5130,16809014
2130,5131,13960394
2131,5132,17741298
2132,5133,215862692
2133,5134,107139399
2134,5135,248118121
2135,5136,327345
2136,5137,113086475
2137,5138,98900000
2138,5139,0
2139,5140,201634991
2140,5141,49114016
2141,5142,181001478
2142,5143,68673228
2143,5144,76270454
2144,5145,0
2145,5146,0
2146,5147,0
2147,5148,0
2148,5149,0
2149,5150,0
2150,5151,0
2151,5152,0
2152,5153,0
2153,5154,0
2154,5155,0
2155,5156,0
2156,5157,0
2157,5158,1877122
2158,5159,97918663
2159,5160,43008075
2160,5161,127392239
2161,5162,46442528
2162,5163,296339527
2163,5164,15536328
2164,5165,67200000
2165,5166,226904017
2166,5167,257043
2167,5168,6153967
2168,5169,21095683
2169,5170,30000000
2170,5171,14373825
2171,5172,18564702
2172,5173,198685114
2173,5174,127766650
2174,5175,784990
2175,5176,3000000
2176,5177,32868943
2177,5178,0
2178,5179,0
2179,5180,0
2180,5181,0
2181,5182,0
2182,5183,0
2183,5184,0
2184,5185,0
2185,5186,0
2186,5187,0
2187,5188,8974829
2188,5189,21821347
2189,5190,273339556
2190,5191,2955917
2191,5192,62000000
2192,5193,320689294
2193,5194,55030051
2194,5195,187436818
2195,5196,40577001
2196,5197,25100000
2197,5198,63782078
2198,5199,14702438
2199,5200,11500000
2200,5201,92921203
2201,5202,733094
2202,5203,490475
2203,5204,1775316
2204,5205,76382
2205,5206,23563727
2206,5207,4354510
2207,5208,0
2208,5209,0
2209,5210,0
2210,5211,0
2211,5212,0
2212,5213,0
2213,5214,0
2214,5215,0
2215,5216,0
2216,5217,0
2217,5218,7537453
2218,5219,5364858
2219,5220,17286299
2220,5221,344
2221,5222,11
2222,5223,68700000
2223,5224,3
2224,5225,39842
2225,5226,40547440
2226,5227,15453274
2227,5228,15121165
2228,5229,342695435
2229,5230,9056073
2230,5231,7000000
2231,5232,399
2232,5233,47636016
2233,5234,122489822
2234,5235,34619699
2235,5236,212874442
2236,5237,69766619
2237,5238,0
2238,5239,0
2239,5240,0
2240,5241,0
2241,5242,0
2242,5243,0
2243,5244,0
2244,5245,0
2245,5246,0
2246,5247,0
2247,5248,68945
2248,5249,36609966
2249,5250,293329073
2250,5251,40693477
2251,5252,28149
2252,5253,4865000
2253,5254,18088
2254,5255,115101622
2255,5256,11744471
2256,5257,14332467
2257,5258,1081
2258,5259,31987563
2259,5260,1500000
2260,5261,57479076
2261,5262,24637469
2262,5263,24000000
2263,5264,265198
2264,5265,322975
2265,5266,90815558
2266,5267,6179955
2267,5268,0
2268,5269,0
2269,5270,0
2270,5271,0
2271,5272,0
2272,5273,0
2273,5274,0
2274,5275,0
2275,5276,0
2276,5277,0
2277,5278,17040871
2278,5279,13391174
2279,5280,12000000
2280,5281,5546827
2281,5282,140000000
2282,5283,0
2283,5284,5596267
2284,5285,281929795
2285,5286,7467504
2286,5287,27484464
2287,5288,3900000
2288,5289,100000000
2289,5290,86900000
2290,5291,356613439
2291,5292,321365567
2292,5293,340487652
2293,5294,3500000
2294,5295,1274219009
2295,5296,5900000
2296,5297,105197635
2297,5298,0
2298,5299,0
2299,5300,0
2300,5301,0
2301,5302,0
2302,5303,0
2303,5304,0
2304,5305,0
2305,5306,136621271
2306,5307,156505388
2307,5308,8000000
2308,5309,245000
2309,5310,50315140
2310,5311,5000000
2311,5312,51142659
2312,5313,829000000
2313,5314,34994648
2314,5315,1260761
2315,5316,206128
2316,5317,119718203
2317,5318,25105517
2318,5319,23217674
2319,5320,32101000
2320,5321,47801389
2321,5322,953
2322,5323,672806292
2323,5324,8946600
2324,5325,205068
2325,5326,0
2326,5327,0
2327,5328,0
2328,5329,0
2329,5330,0
2330,5331,0
2331,5332,0
2332,5333,106683817
2333,5334,11511031
2334,5335,5638000
2335,5336,460978
2336,5337,5753490
2337,5338,3964682
2338,5339,3721345
2339,5340,102223269
2340,5341,122233971
2341,5342,190213455
2342,5343,22743674
2343,5344,109423648
2344,5345,585604
2345,5346,207945075
2346,5347,10188
2347,5348,68282844
2348,5349,1615018
2349,5350,259
2350,5351,165184237
2351,5352,343617
2352,5353,0
2353,5354,0
2354,5355,0
2355,5356,0
2356,5357,0
2357,5358,0
2358,5359,0
2359,5360,128769345
2360,5361,240476
2361,5362,4000000
2362,5363,8038061
2363,5364,3274
2364,5365,14708696
2365,5366,172842355
2366,5367,155721132
2367,5368,557241
2368,5369,296485719
2369,5370,25195000
2370,5371,38000000
2371,5372,343471816
2372,5373,1333124
2373,5374,34441873
2374,5375,108758521
2375,5376,118000000
2376,5377,31244858
2377,5378,119
2378,5379,0
2379,5380,0
2380,5381,0
2381,5382,0
2382,5383,0
2383,5384,0
2384,5385,0
2385,5386,0
2386,5387,1064454
2387,5388,484572835
2388,5389,30000000
2389,5390,70611210
2390,5391,79567667
2391,5392,565592
2392,5393,14334401
2393,5394,414211549
2394,5395,741394
2395,5396,274925095
2396,5397,858250
2397,5398,610792
2398,5399,2
2399,5400,4532791
2400,5401,159375308
2401,5402,14109284
2402,5403,28000000
2403,5404,458996
2404,5405,45056771
2405,5406,3000000
2406,5407,0
2407,5408,0
2408,5409,0
2409,5410,0
2410,5411,0
2411,5412,0
2412,5413,0
2413,5414,0
2414,5415,0
2415,5416,0
2416,5417,186167139
2417,5418,3838
2418,5419,1736123
2419,5420,5926410
2420,5421,103590271
2421,5422,111340801
2422,5423,107944236
2423,5424,61458982
2424,5425,1237615
2425,5426,40924982
2426,5427,1214198
2427,5428,5639730
2428,5429,441286195
2429,5430,68267862
2430,5431,22963701
2431,5432,187500000
2432,5433,71215869
2433,5434,94679598
2434,5435,3600000
2435,5436,1083683
2436,5437,0
2437,5438,0
2438,5439,0
2439,5440,0
2440,5441,0
2441,5442,0
2442,5443,0
2443,5444,0
2444,5445,10070000
2445,5446,80383290
2446,5447,2503829
2447,5448,21011500
2448,5449,317375031
2449,5450,1783421
2450,5451,20400000
2451,5452,16894678
2452,5453,310650585
2453,5454,104478416
2454,5455,13015688
2455,5456,2420917
2456,5457,36098382
2457,5458,6971266
2458,5459,16175602
2459,5460,431326
2460,5461,76398
2461,5462,250000
2462,5463,809342332
2463,5464,21075
2464,5465,0
2465,5466,0
2466,5467,0
2467,5468,0
2468,5469,0
2469,5470,0
2470,5471,0
2471,5472,0
2472,5473,0
2473,5474,34854990
2474,5475,22433915
2475,5476,1985001
2476,5477,2000000
2477,5478,33395426
2478,5479,175372502
2479,5480,3263585
2480,5481,37151
2481,5482,136836156
2482,5483,3049135
2483,5484,110803676
2484,5485,3713768
2485,5486,3396726
2486,5487,924317558
2487,5488,16930185
2488,5489,28972508
2489,5490,36500000
2490,5491,87547518
2491,5492,70000000
2492,5493,5169755
2493,5494,0
2494,5495,0
2495,5496,0
2496,5497,0
2497,5498,0
2498,5499,0
2499,5500,0
2500,5501,0
2501,5502,0
2502,5503,3983912
2503,5504,9644124
2504,5505,19980
2505,5506,115267375
2506,5507,37589296
2507,5508,61347797
2508,5509,67312826
2509,5510,22182353
2510,5511,154701
2511,5512,82966152
2512,5513,2000000
2513,5514,5271666
2514,5515,163536
2515,5516,230000
2516,5517,178120010
2517,5518,8996802
2518,5519,162146076
2519,5520,1477030
2520,5521,12077441
2521,5522,48132
2522,5523,0
2523,5524,0
2524,5525,0
2525,5526,0
2526,5527,0
2527,5528,0
2528,5529,0
2529,5530,0
2530,5531,0
2531,5532,0
2532,5533,10300000
2533,5534,746921274
2534,5535,466088
2535,5536,1296000
2536,5537,0
2537,5538,54207
2538,5539,237202299
2539,5540,31973249
2540,5541,17752940
2541,5542,60000
2542,5543,3142154
2543,5544,42931041
2544,5545,869
2545,5546,18644570
2546,5547,849055
2547,5548,14900000
2548,5549,64626786
2549,5550,8493890
2550,5551,21378361
2551,5552,20348249
2552,5553,0
2553,5554,0
2554,5555,0
2555,5556,0
2556,5557,0
2557,5558,0
2558,5559,0
2559,5560,0
2560,5561,0
2561,5562,0
2562,5563,21268
2563,5564,144008
2564,5565,5535405
2565,5566,10626725
2566,5567,658573
2567,5568,61619773
2568,5569,24748670
2569,5570,50000000
2570,5571,21009180
2571,5572,3777141
2572,5573,80916492
2573,5574,70687344
2574,5575,236350661
2575,5576,78656813
2576,5577,74188937
2577,5578,20036737
2578,5579,21001563
2579,5580,7808524
2580,5581,6063556
2581,5582,27007143
2582,5583,0
2583,5584,0
2584,5585,0
2585,5586,0
2586,5587,0
2587,5588,0
2588,5589,0
2589,5590,6264058
2590,5591,78638987
2591,5592,2154696
2592,5593,27165581
2593,5594,6266621
2594,5595,181813770
2595,5596,249288105
2596,5597,5000000
2597,5598,0
2598,5599,6000000
2599,5600,2689068
2600,5601,29922472
2601,5602,10667893
2602,5603,21268532
2603,5604,83320000
2604,5605,65900249
2605,5606,77944725
2606,5607,25956113
2607,5608,202404009
2608,5609,26657534
2609,5610,0
2610,5611,0
2611,5612,0
2612,5613,0
2613,5614,0
2614,5615,26800152
2615,5616,6486797
2616,5617,169332978
2617,5618,31912793
2618,5619,34942188
2619,5620,1148752
2620,5621,260562
2621,5622,30156002
2622,5623,480314
2623,5624,371353001
2624,5625,1345236
2625,5626,12884923
2626,5627,115603229
2627,5628,15431177
2628,5629,362211740
2629,5630,16647800
2630,5631,32540674
2631,5632,42067430
2632,5633,7594693
2633,5634,19613
2634,5635,0
2635,5636,0
2636,5637,0
2637,5638,0
2638,5639,0
2639,5640,0
2640,5641,0
2641,5642,0
2642,5643,0
2643,5644,0
2644,5645,0
2645,5646,45858563
2646,5647,18050000
2647,5648,65470529
2648,5649,626057
2649,5650,74208267
2650,5651,36351350
2651,5652,782102
2652,5653,75850624
2653,5654,95608995
2654,5655,88880821
2655,5656,895921036
2656,5657,37000000
2657,5658,47774193
2658,5659,167221571
2659,5660,212902372
2660,5661,490643
2661,5662,691210692
2662,5663,0
2663,5664,15699707
2664,5665,15304890
2665,5666,0
2666,5667,0
2667,5668,0
2668,5669,0
2669,5670,0
2670,5671,0
2671,5672,0
2672,5673,0
2673,5674,0
2674,5675,0
2675,5676,0
2676,5677,206678440
2677,5678,144492830
2678,5679,2750741
2679,5680,146198896
2680,5681,794191988
2681,5682,7770731
2682,5683,334901337
2683,5684,41863726
2684,5685,6500000
2685,5686,3877492
2686,5687,85564310
2687,5688,9205924
2688,5689,54999651
2689,5690,12800000
2690,5691,103215094
2691,5692,735099082
2692,5693,113857533
2693,5694,16283667
2694,5695,307811
2695,5696,51702483
2696,5697,0
2697,5698,0
2698,5699,0
2699,5700,0
2700,5701,0
2701,5702,0
2702,5703,0
2703,5704,0
2704,5705,0
2705,5706,0
2706,5707,15185241
2707,5708,0
2708,5709,201957688
2709,5710,282382
2710,5711,4100000
2711,5712,203388341
2712,5713,12800000
2713,5714,17307019
2714,5715,11171900
2715,5716,5708
2716,5717,6908797
2717,5718,30283
2718,5719,7535331
2719,5720,35485056
2720,5721,13644292
2721,5722,4496912
2722,5723,148412065
2723,5724,12756
2724,5725,114247
2725,5726,156563139
2726,5727,0
2727,5728,0
2728,5729,0
2729,5730,0
2730,5731,0
2731,5732,0
2732,5733,0
2733,5734,0
2734,5735,0
2735,5736,0
2736,5737,0
2737,5738,10496317
2738,5739,14302779
2739,5740,102000000
2740,5741,201584141
2741,5742,83188165
2742,5743,5108820
2743,5744,134634
2744,5745,10569964
2745,5746,150000000
2746,5747,10604986
2747,5748,130431368
2748,5749,80253908
2749,5750,100654149
2750,5751,64352607
2751,5752,5730596
2752,5753,198802074
2753,5754,36609995
2754,5755,137551594
2755,5756,11390479
2756,5757,16000000
2757,5758,0
2758,5759,0
2759,5760,0
2760,5761,0
2761,5762,0
2762,5763,0
2763,5764,0
2764,5765,0
2765,5766,0
2766,5767,0
2767,5768,86572238
2768,5769,378827494
2769,5770,4836637
2770,5771,38368909
2771,5772,272742922
2772,5773,591739379
2773,5774,60222298
2774,5775,1109660
2775,5776,1941667
2776,5777,38629478
2777,5778,110206216
2778,5779,379014294
2779,5780,2510433
2780,5781,177259441
2781,5782,60922980
2782,5783,19629760
2783,5784,10161213
2784,5785,266614059
2785,5786,30050028
2786,5787,136982834
2787,5788,0
2788,5789,0
2789,5790,0
2790,5791,0
2791,5792,0
2792,5793,0
2793,5794,0
2794,5795,0
2795,5796,0
2796,5797,0
2797,5798,0
2798,5799,289847354
2799,5800,809000
2800,5801,29385320
2801,5802,706685
2802,5803,631083
2803,5804,385680446
2804,5805,28814580
2805,5806,1422749
2806,5807,52501541
2807,5808,77200000
2808,5809,3849941
2809,5810,25
2810,5811,69136
2811,5812,226830568
2812,5813,210308099
2813,5814,12145169
2814,5815,10000000
2815,5816,25100000
2816,5817,497323
2817,5818,53647
2818,5819,0
2819,5820,0
2820,5821,0
2821,5822,0
2822,5823,0
2823,5824,0
2824,5825,0
2825,5826,0
2826,5827,0
2827,5828,0
2828,5829,96047633
2829,5830,30332385
2830,5831,369884651
2831,5832,59827328
2832,5833,23321954
2833,5834,792200
2834,5835,264
2835,5836,92913171
2836,5837,64191523
2837,5838,168462
2838,5839,121147947
2839,5840,0
2840,5841,26820641
2841,5842,30700000
2842,5843,126247
2843,5844,1611000
2844,5845,9127383
2845,5846,6670680
2846,5847,38619405
2847,5848,77566815
2848,5849,0
2849,5850,0
2850,5851,0
2851,5852,0
2852,5853,0
2853,5854,0
2854,5855,0
2855,5856,0
2856,5857,0
2857,5858,0
2858,5859,51164106
2859,5860,38085778
2860,5861,179381
2861,5862,11000000
2862,5863,50365377
2863,5864,767820459
2864,5865,1310673
2865,5866,17511906
2866,5867,2340363
2867,5868,15600000
2868,5869,7267585
2869,5870,472370
2870,5871,236049757
2871,5872,300854823
2872,5873,2227167
2873,5874,1198346
2874,5875,15007991
2875,5876,76488889
2876,5877,18300000
2877,5878,70692101
2878,5879,0
2879,5880,0
2880,5881,0
2881,5882,0
2882,5883,0
2883,5884,0
2884,5885,0
2885,5886,0
2886,5887,18196170
2887,5888,36800000
2888,5889,9800000
2889,5890,38251425
2890,5891,26121638
2891,5892,33736689
2892,5893,6581915
2893,5894,80767884
2894,5895,29450919
2895,5896,6416302
2896,5897,7888102
2897,5898,151927281
2898,5899,22000000
2899,5900,258656
2900,5901,408339
2901,5902,141702264
2902,5903,5900000
2903,5904,27107960
2904,5905,39031337
2905,5906,170000000
2906,5907,0
2907,5908,0
2908,5909,0
2909,5910,0
2910,5911,0
2911,5912,0
2912,5913,0
2913,5914,0
2914,5915,0
2915,5916,0
2916,5917,142940100
2917,5918,66700000
2918,5919,91379051
2919,5920,4916135
2920,5921,61000000
2921,5922,1104682
2922,5923,22000
2923,5924,55184721
2924,5925,335154643
2925,5926,623
2926,5927,6
2927,5928,69425966
2928,5929,246574
2929,5930,61503218
2930,5931,50012507
2931,5932,0
2932,5933,96542059
2933,5934,44998252
2934,5935,311594032
2935,5936,34416893
2936,5937,0
2937,5938,0
2938,5939,0
2939,5940,0
2940,5941,0
2941,5942,0
2942,5943,0
2943,5944,0
2944,5945,0
2945,5946,5260000
2946,5947,700000
2947,5948,205405498
2948,5949,54915
2949,5950,87713825
2950,5951,114977104
2951,5952,3412497
2952,5953,327311859
2953,5954,15946321
2954,5955,28121100
2955,5956,70100000
2956,5957,30000000
2957,5958,223387299
2958,5959,21591728
2959,5960,103
2960,5961,7636
2961,5962,2000000
2962,5963,22942221
2963,5964,53653224
2964,5965,37036004
2965,5966,0
2966,5967,0
2967,5968,0
2968,5969,0
2969,5970,0
2970,5971,0
2971,5972,0
2972,5973,0
2973,5974,0
2974,5975,0
2975,5976,100655
2976,5977,0
2977,5978,657818612
2978,5979,4856298
2979,5980,167805466
2980,5981,0
2981,5982,69959751
2982,5983,11095236
2983,5984,39143839
2984,5985,153962963
2985,5986,1
2986,5987,2000000
2987,5988,43058898
2988,5989,700000
2989,5990,82150183
2990,5991,26394
2991,5992,45236543
2992,5993,61276872
2993,5994,2049595
2994,5995,29712172
2995,5996,0
2996,5997,0
2997,5998,0
2998,5999,0
2999,6000,0
3000,6001,0
3001,6002,0
3002,6003,0
3003,6004,0
3004,6005,0
3005,6006,18309793
3006,6007,141864
3007,6008,2500000
3008,6009,242875078
3009,6010,31755742
3010,6011,2626800
3011,6012,7316658
3012,6013,61698899
3013,6014,14796236
3014,6015,100000000
3015,6016,28831145
3016,6017,2118871
3017,6018,55198285
3018,6019,352810
3019,6020,2479538
3020,6021,3830137
3021,6022,14000000
3022,6023,5972942
3023,6024,103735
3024,6025,11030861
3025,6026,0
3026,6027,0
3027,6028,0
3028,6029,0
3029,6030,0
3030,6031,0
3031,6032,0
3032,6033,0
3033,6034,0
3034,6035,0
3035,6036,4500000
3036,6037,124518
3037,6038,1131688
3038,6039,1015339
3039,6040,42313354
3040,6041,243400000
3041,6042,33031
3042,6043,97571250
3043,6044,24707633
3044,6045,31559552
3045,6046,300000
3046,6047,18642
3047,6048,18097
3048,6049,12000000
3049,6050,5000
3050,6051,1500000
3051,6052,117575636
3052,6053,58
3053,6054,2281000
3054,6055,6742168
3055,6056,0
3056,6057,0
3057,6058,0
3058,6059,0
3059,6060,0
3060,6061,0
3061,6062,0
3062,6063,0
3063,6064,0
3064,6065,0
3065,6066,16057580
3066,6067,215880014
3067,6068,845188
3068,6069,162944923
3069,6070,259207227
3070,6071,4134992
3071,6072,25504513
3072,6073,25000000
3073,6074,7700000
3074,6075,2756
3075,6076,92542418
3076,6077,32000000
3077,6078,288383523
3078,6079,240697856
3079,6080,6660333
3080,6081,500000
3081,6082,17872796
3082,6083,224920315
3083,6084,24922237
3084,6085,11000000
3085,6086,0
3086,6087,0
3087,6088,0
3088,6089,0
3089,6090,0
3090,6091,0
3091,6092,0
3092,6093,0
3093,6094,0
3094,6095,0
3095,6096,10337387
3096,6097,2347000
3097,6098,5778353
3098,6099,46905889
3099,6100,17507368
3100,6101,245676146
3101,6102,72436439
3102,6103,112544580
3103,6104,1
3104,6105,9488998
3105,6106,5355847
3106,6107,38585
3107,6108,108348
3108,6109,110197
3109,6110,119723358
3110,6111,1596
3111,6112,1500000
3112,6113,10278549
3113,6114,33459416
3114,6115,195735876
3115,6116,0
3116,6117,0
3117,6118,0
3118,6119,0
3119,6120,0
3120,6121,0
3121,6122,0
3122,6123,0
3123,6124,0
3124,6125,0
3125,6126,13000000
3126,6127,27540561
3127,6128,181674817
3128,6129,66207073
3129,6130,161
3130,6131,2000000
3131,6132,14056
3132,6133,7766240
3133,6134,4644108
3134,6135,74189677
3135,6136,1342000000
3136,6137,14296438
3137,6138,8500000
3138,6139,873260194
3139,6140,1128345
3140,6141,56309766
3141,6142,279735
3142,6143,19406406
3143,6144,4059673
3144,6145,15240435
3145,6146,0
3146,6147,0
3147,6148,0
3148,6149,0
3149,6150,0
3150,6151,0
3151,6152,0
3152,6153,0
3153,6154,0
3154,6155,0
3155,6156,6000000
3156,6157,23198652
3157,6158,74237563
3158,6159,15938065
3159,6160,25000000
3160,6161,17600000
3161,6162,18344729
3162,6163,763847
3163,6164,1562546
3164,6165,3727746
3165,6166,27728118
3166,6167,9500000
3167,6168,8551228
3168,6169,39053061
3169,6170,7680000
3170,6171,37707444
3171,6172,33232
3172,6173,46122355
3173,6174,72629670
3174,6175,8175346
3175,6176,0
3176,6177,0
3177,6178,0
3178,6179,0
3179,6180,0
3180,6181,0
3181,6182,0
3182,6183,0
3183,6184,0
3184,6185,0
3185,6186,201719
3186,6187,5400000
3187,6188,53187659
3188,6189,35081550
3189,6190,30523226
3190,6191,2550508
3191,6192,2415472
3192,6193,12500000
3193,6194,400200
3194,6195,1328001
3195,6196,4069653
3196,6197,2250547
3197,6198,152263880
3198,6199,976475550
3199,6200,1221832
3200,6201,24000000
3201,6202,55003135
3202,6203,821708551
3203,6204,3094813
3204,6205,15200000
3205,6206,0
3206,6207,0
3207,6208,0
3208,6209,0
3209,6210,0
3210,6211,0
3211,6212,0
3212,6213,0
3213,6214,0
3214,6215,0
3215,6216,0
3216,6217,3946880
3217,6218,10037390
3218,6219,45833132
3219,6220,95687
3220,6221,4430765
3221,6222,9027600
3222,6223,2856712
3223,6224,5542025
3224,6225,14793385
3225,6226,81303447
3226,6227,8800000
3227,6228,5850000
3228,6229,7
3229,6230,12247
3230,6231,154906693
3231,6232,42330
3232,6233,159212469
3233,6234,1017401
3234,6235,36602000
3235,6236,2365467
3236,6237,0
3237,6238,0
3238,6239,0
3239,6240,0
3240,6241,0
3241,6242,0
3242,6243,0
3243,6244,0
3244,6245,0
3245,6246,0
3246,6247,0
3247,6248,15730665
3248,6249,3154346
3249,6250,52277485
3250,6251,8479793
3251,6252,13700000
3252,6253,54000000
3253,6254,55041367
3254,6255,13401952
3255,6256,20138836
3256,6257,85280250
3257,6258,338987
3258,6259,105
3259,6260,4678405
3260,6261,9420546
3261,6262,1703282
3262,6263,55000000
3263,6264,40000000
3264,6265,5405500
3265,6266,84375061
3266,6267,160000000
3267,6268,0
3268,6269,0
3269,6270,0
3270,6271,0
3271,6272,0
3272,6273,0
3273,6274,0
3274,6275,0
3275,6276,0
3276,6277,0
3277,6278,0
3278,6279,98441954
3279,6280,40766041
3280,6281,444575
3281,6282,358375603
3282,6283,17287898
3283,6284,128884132
3284,6285,122195920
3285,6286,21302121
3286,6287,1585582
3287,6288,0
3288,6289,133821816
3289,6290,55282
3290,6291,40452643
3291,6292,266465037
3292,6293,463517383
3293,6294,26501323
3294,6295,212011111
3295,6296,725131
3296,6297,20796847
3297,6298,2
3298,6299,0
3299,6300,0
3300,6301,0
3301,6302,0
3302,6303,0
3303,6304,0
3304,6305,0
3305,6306,0
3306,6307,0
3307,6308,0
3308,6309,0
3309,6310,0
3310,6311,496000
3311,6312,12000000
3312,6313,30016165
3313,6314,171504781
3314,6315,12186625
3315,6316,122513057
3316,6317,180557550
3317,6318,48063435
3318,6319,6948633
3319,6320,1437000
3320,6321,10372291
3321,6322,69821334
3322,6323,21571189
3323,6324,1279
3324,6325,21834845
3325,6326,1667192
3326,6327,22231658
3327,6328,25105255
3328,6329,201607
3329,6330,0
3330,6331,0
3331,6332,0
3332,6333,0
3333,6334,0
3334,6335,0
3335,6336,0
3336,6337,0
3337,6338,0
3338,6339,0
3339,6340,11666088
3340,6341,3045943
3341,6342,9128263
3342,6343,35692920
3343,6344,3885342
3344,6345,3200000
3345,6346,143695338
3346,6347,99423521
3347,6348,32416586
3348,6349,35300645
3349,6350,252603
3350,6351,131457682
3351,6352,29400000
3352,6353,309973
3353,6354,1304192
3354,6355,137460
3355,6356,41590893
3356,6357,2028612
3357,6358,232732
3358,6359,22587000
3359,6360,0
3360,6361,0
3361,6362,0
3362,6363,0
3363,6364,0
3364,6365,0
3365,6366,0
3366,6367,0
3367,6368,0
3368,6369,0
3369,6370,69131860
3370,6371,16000000
3371,6372,21972336
3372,6373,143101
3373,6374,30400000
3374,6375,16178959
3375,6376,4109095
3376,6377,416925
3377,6378,6600000
3378,6379,122444772
3379,6380,2944752
3380,6381,1156730962
3381,6382,251495
3382,6383,216197492
3383,6384,12206028
3384,6385,268254
3385,6386,285444603
3386,6387,5634828
3387,6388,2080046
3388,6389,127067
3389,6390,0
3390,6391,0
3391,6392,0
3392,6393,0
3393,6394,0
3394,6395,0
3395,6396,0
3396,6397,0
3397,6398,0
3398,6399,0
3399,6400,0
3400,6401,11690
3401,6402,30626182
3402,6403,1782005
3403,6404,8279017
3404,6405,2960993
3405,6406,30500000
3406,6407,1978592
3407,6408,30000000
3408,6409,150483765
3409,6410,99067206
3410,6411,2141028
3411,6412,42664410
3412,6413,74787599
3413,6414,562816256
3414,6415,3102550
3415,6416,17834867
3416,6417,256271286
3417,6418,108609310
3418,6419,20416563
3419,6420,31556061
3420,6421,0
3421,6422,0
3422,6423,0
3423,6424,0
3424,6425,0
3425,6426,0
3426,6427,0
3427,6428,0
3428,6429,0
3429,6430,191502426
3430,6431,154648887
3431,6432,116112375
3432,6433,5664764
3433,6434,1034589
3434,6435,3430018
3435,6436,62616646
3436,6437,4398938
3437,6438,5285197
3438,6439,34573780
3439,6440,83531958
3440,6441,3076820
3441,6442,3752325
3442,6443,1600000
3443,6444,17355
3444,6445,229147509
3445,6446,90874570
3446,6447,4300000
3447,6448,430041
3448,6449,42721196
3449,6450,0
3450,6451,0
3451,6452,0
3452,6453,0
3453,6454,0
3454,6455,0
3455,6456,0
3456,6457,0
3457,6458,0
3458,6459,0
3459,6460,93354918
3460,6461,312016858
3461,6462,203277636
3462,6463,527000
3463,6464,19576023
3464,6465,993313
3465,6466,58972904
3466,6467,10166459
3467,6468,25781
3468,6469,38200000
3469,6470,1183258
3470,6471,107352
3471,6472,177512032
3472,6473,89237
3473,6474,38702310
3474,6475,11837022
3475,6476,574480841
3476,6477,8454301
3477,6478,21200000
3478,6479,299268508
3479,6480,0
3480,6481,0
3481,6482,0
3482,6483,0
3483,6484,0
3484,6485,0
3485,6486,0
3486,6487,0
3487,6488,0
3488,6489,0
3489,6490,449707
3490,6491,43884652
3491,6492,43000000
3492,6493,4100000
3493,6494,7700000
3494,6495,4460000
3495,6496,626137675
3496,6497,140073390
3497,6498,299288605
3498,6499,32980880
3499,6500,13300000
3500,6501,539957
3501,6502,220673217
3502,6503,1799312
3503,6504,4099000
3504,6505,21766271
3505,6506,0
3506,6507,1819410
3507,6508,45465299
3508,6509,6000000
3509,6510,0
3510,6511,0
3511,6512,0
3512,6513,0
3513,6514,0
3514,6515,0
3515,6516,0
3516,6517,0
3517,6518,0
3518,6519,0
3519,6520,2967668
3520,6521,150680864
3521,6522,34670720
3522,6523,118587880
3523,6524,73830340
3524,6525,20000000
3525,6526,415484914
3526,6527,1753979
3527,6528,2832826
3528,6529,31651
3529,6530,16000000
3530,6531,31055440
3531,6532,40471663
3532,6533,1928985
3533,6534,325233863
3534,6535,18637690
3535,6536,8801940
3536,6537,22944502
3537,6538,10324441
3538,6539,348300000
3539,6540,0
3540,6541,0
3541,6542,0
3542,6543,0
3543,6544,0
3544,6545,0
3545,6546,0
3546,6547,0
3547,6548,0
3548,6549,0
3549,6550,78096553
3550,6551,16478900
3551,6552,1579260
3552,6553,831
3553,6554,47738099
3554,6555,111127553
3555,6556,23081726
3556,6557,8096542
3557,6558,51155219
3558,6559,17218023
3559,6560,632443719
3560,6561,5430822
3561,6562,120175290
3562,6563,23650000
3563,6564,23574130
3564,6565,119114517
3565,6566,14822346
3566,6567,15360553
3567,6568,35619521
3568,6569,4186931
3569,6570,0
3570,6571,0
3571,6572,0
3572,6573,0
3573,6574,0
3574,6575,0
3575,6576,0
3576,6577,0
3577,6578,0
3578,6579,0
3579,6580,214600
3580,6581,99206215
3581,6582,1162014
3582,6583,77156
3583,6584,8000000
3584,6585,38413606
3585,6586,90449929
3586,6587,8642858
3587,6588,2077763
3588,6589,35926213
3589,6590,214918407
3590,6591,19560274
3591,6592,113280098
3592,6593,104155843
3593,6594,88346473
3594,6595,26632
3595,6596,37317558
3596,6597,1236094
3597,6598,17164377
3598,6599,16000000
3599,6600,0
3600,6601,0
3601,6602,0
3602,6603,0
3603,6604,0
3604,6605,0
3605,6606,0
3606,6607,0
3607,6608,0
3608,6609,252000
3609,6610,16441438
3610,6611,13500000
3611,6612,1118888979
3612,6613,7002261
3613,6614,292817841
3614,6615,4865997
3615,6616,62357900
3616,6617,114663461
3617,6618,11585483
3618,6619,5000000
3619,6620,1296971
3620,6621,21000000
3621,6622,150270147
3622,6623,60052138
3623,6624,42285169
3624,6625,125729635
3625,6626,37691644
3626,6627,159616327
3627,6628,192400
3628,6629,0
3629,6630,0
3630,6631,0
3631,6632,0
3632,6633,0
3633,6634,0
3634,6635,0
3635,6636,0
3636,6637,0
3637,6638,0
3638,6639,36000000
3639,6640,18130888
3640,6641,172989651
3641,6642,101371017
3642,6643,3169719
3643,6644,165888
3644,6645,23580000
3645,6646,18172849
3646,6647,85154
3647,6648,29548291
3648,6649,16668552
3649,6650,704
3650,6651,2000000
3651,6652,1957000
3652,6653,30749142
3653,6654,348840316
3654,6655,35991087
3655,6656,42400000
3656,6657,160259319
3657,6658,3779620
3658,6659,0
3659,6660,0
3660,6661,0
3661,6662,0
3662,6663,0
3663,6664,0
3664,6665,0
3665,6666,0
3666,6667,0
3667,6668,0
3668,6669,20000000
3669,6670,41939392
3670,6671,6700000
3671,6672,269980
3672,6673,350448145
3673,6674,543513985
3674,6675,120072577
3675,6676,4654288
3676,6677,266665
3677,6678,6746000
3678,6679,413106170
3679,6680,32973937
3680,6681,710644566
3681,6682,35976000
3682,6683,75871032
3683,6684,24995
3684,6685,920719
3685,6686,77527732
3686,6687,63013281
3687,6688,16504936
3688,6689,0
3689,6690,0
3690,6691,0
3691,6692,0
3692,6693,0
3693,6694,0
3694,6695,0
3695,6696,0
3696,6697,0
3697,6698,0
3698,6699,0
3699,6700,160388063
3700,6701,75597042
3701,6702,22852638
3702,6703,405000
3703,6704,3077361
3704,6705,33035736
3705,6706,68263166
3706,6707,119418501
3707,6708,14500000
3708,6709,9868521
3709,6710,163720069
3710,6711,4300000
3711,6712,173649015
3712,6713,2146041
3713,6714,13960203
3714,6715,4400000
3715,6716,19693891
3716,6717,289047763
3717,6718,2023414
3718,6719,6739141
3719,6720,0
3720,6721,0
3721,6722,0
3722,6723,0
3723,6724,0
3724,6725,0
3725,6726,0
3726,6727,0
3727,6728,0
3728,6729,0
3729,6730,852872
3730,6731,49620
3731,6732,20424259
3732,6733,56303596
3733,6734,28200000
3734,6735,112006296
3735,6736,170215
3736,6737,855450
3737,6738,11833696
3738,6739,41624046
3739,6740,1155000
3740,6741,955401
3741,6742,36911617
3742,6743,60780981
3743,6744,12854953
3744,6745,4500000
3745,6746,59509925
3746,6747,12000000
3747,6748,11455
3748,6749,21
3749,6750,0
3750,6751,0
3751,6752,0
3752,6753,0
3753,6754,0
3754,6755,0
3755,6756,0
3756,6757,0
3757,6758,0
3758,6759,0
3759,6760,5867686
3760,6761,28200000
3761,6762,316000
3762,6763,23689877
3763,6764,11800000
3764,6765,203567857
3765,6766,14000
3766,6767,428868
3767,6768,162945894
3768,6769,46665856
3769,6770,4398989
3770,6771,8000000
3771,6772,135026
3772,6773,21200000
3773,6774,286801374
3774,6775,334615000
3775,6776,1439000
3776,6777,54418872
3777,6778,140470746
3778,6779,12534817
3779,6780,0
3780,6781,0
3781,6782,0
3782,6783,0
3783,6784,0
3784,6785,0
3785,6786,0
3786,6787,0
3787,6788,0
3788,6789,1814290
3789,6790,59744
3790,6791,123306987
3791,6792,368871007
3792,6793,113019290
3793,6794,3191998
3794,6795,22482952
3795,6796,1066969703
3796,6797,522911
3797,6798,4619014
3798,6799,365248
3799,6800,19924033
3800,6801,125289450
3801,6802,12303904
3802,6803,35134820
3803,6804,140
3804,6805,374743
3805,6806,25059640
3806,6807,134402450
3807,6808,1749956
3808,6809,0
3809,6810,0
3810,6811,0
3811,6812,0
3812,6813,0
3813,6814,0
3814,6815,0
3815,6816,0
3816,6817,0
3817,6818,0
3818,6819,94073028
3819,6820,32801173
3820,6821,0
3821,6822,24911670
3822,6823,86432000
3823,6824,443140005
3824,6825,40382659
3825,6826,53213633
3826,6827,29494
3827,6828,402805
3828,6829,2013193
3829,6830,4507463
3830,6831,39267515
3831,6832,55260558
3832,6833,653651
3833,6834,1188194
3834,6835,185798265
3835,6836,4250507
3836,6837,183953723
3837,6838,14870
3838,6839,0
3839,6840,0
3840,6841,0
3841,6842,0
3842,6843,0
3843,6844,0
3844,6845,0
3845,6846,0
3846,6847,0
3847,6848,0
3848,6849,11724119
3849,6850,105011053
3850,6851,445435700
3851,6852,43051547
3852,6853,2853801
3853,6854,104303851
3854,6855,3621046
3855,6856,0
3856,6857,21750000
3857,6858,45779
3858,6859,29506464
3859,6860,9620399
3860,6861,93772522
3861,6862,2735731
3862,6863,589390539
3863,6864,249083
3864,6865,801000
3865,6866,85498534
3866,6867,44793222
3867,6868,956019788
3868,6869,0
3869,6870,0
3870,6871,0
3871,6872,0
3872,6873,0
3873,6874,0
3874,6875,0
3875,6876,0
3876,6877,0
3877,6878,0
3878,6879,16971
3879,6880,293793
3880,6881,1750000
3881,6882,13596911
3882,6883,35387212
3883,6884,69485490
3884,6885,28000000
3885,6886,7087452
3886,6887,187112
3887,6888,358991681
3888,6889,327418
3889,6890,12991996
3890,6891,63100000
3891,6892,25052000
3892,6893,47434430
3893,6894,3442853
3894,6895,3818452
3895,6896,17808683
3896,6897,4100000
3897,6898,21587700
3898,6899,0
3899,6900,0
3900,6901,0
3901,6902,0
3902,6903,0
3903,6904,0
3904,6905,0
3905,6906,0
3906,6907,0
3907,6908,0
3908,6909,0
3909,6910,4386236
3910,6911,8000000
3911,6912,10329747
3912,6913,303025485
3913,6914,571006128
3914,6915,28430000
3915,6916,7433663
3916,6917,543934787
3917,6918,41512007
3918,6919,1275162
3919,6920,158674180
3920,6921,150406466
3921,6922,10000000
3922,6923,29300000
3923,6924,13651656
3924,6925,365134
3925,6926,1883811
3926,6927,140779
3927,6928,7434726
3928,6929,2075084
3929,6930,0
3930,6931,0
3931,6932,0
3932,6933,0
3933,6934,0
3934,6935,0
3935,6936,0
3936,6937,0
3937,6938,0
3938,6939,0
3939,6940,83258226
3940,6941,129266061
3941,6942,31853080
3942,6943,18899204
3943,6944,200276000
3944,6945,50000000
3945,6946,156835339
3946,6947,28575078
3947,6948,43498108
3948,6949,33788161
3949,6950,424988211
3950,6951,852206
3951,6952,63541777
3952,6953,10000000
3953,6954,25000000
3954,6955,51249404
3955,6956,317382
3956,6957,346485
3957,6958,464000
3958,6959,33946224
3959,6960,0
3960,6961,0
3961,6962,0
3962,6963,0
3963,6964,0
3964,6965,0
3965,6966,0
3966,6967,0
3967,6968,0
3968,6969,0
3969,6970,31081
3970,6971,270248367
3971,6972,7
3972,6973,11137801
3973,6974,30987695
3974,6975,39404261
3975,6976,24804129
3976,6977,6637565
3977,6978,18612
3978,6979,463000000
3979,6980,11772461
3980,6981,2020700
3981,6982,82169884
3982,6983,112132
3983,6984,73090611
3984,6985,609016565
3985,6986,5716080
3986,6987,1400000
3987,6988,19294144
3988,6989,9100000
3989,6990,0
3990,6991,0
3991,6992,0
3992,6993,0
3993,6994,0
3994,6995,0
3995,6996,0
3996,6997,0
3997,6998,0
3998,6999,0
3999,7000,302553
4000,7001,8988731
4001,7002,1314230
4002,7003,3371692
4003,7004,3003296
4004,7005,31309
4005,7006,1101480
4006,7007,50353002
4007,7008,19322135
4008,7009,3826459
4009,7010,1196307
4010,7011,15000000
4011,7012,24
4012,7013,4000000
4013,7014,704000
4014,7015,219103655
4015,7016,300135367
4016,7017,19000000
4017,7018,12000000
4018,7019,63408614
4019,7020,0
4020,7021,0
4021,7022,0
4022,7023,0
4023,7024,0
4024,7025,0
4025,7026,0
4026,7027,0
4027,7028,0
4028,7029,0
4029,7030,23438120
4030,7031,31596911
4031,7032,46396427
4032,7033,9000000
4033,7034,8620929
4034,7035,7230000
4035,7036,10000000
4036,7037,39024251
4037,7038,439564
4038,7039,36037909
4039,7040,25399945
4040,7041,43967255
4041,7042,64762724
4042,7043,108808
4043,7044,1776333
4044,7045,13819139
4045,7046,53302314
4046,7047,197183546
4047,7048,6333135
4048,7049,27603069
4049,7050,0
4050,7051,0
4051,7052,0
4052,7053,0
4053,7054,0
4054,7055,0
4055,7056,0
4056,7057,0
4057,7058,0
4058,7059,0
4059,7060,1145404
4060,7061,34000000
4061,7062,275947313
4062,7063,1126525
4063,7064,376141306
4064,7065,35097815
4065,7066,138241022
4066,7067,358590
4067,7068,316360478
4068,7069,62000000
4069,7070,123307945
4070,7071,516642939
4071,7072,76
4072,7073,358574
4073,7074,4842699
4074,7075,4651977
4075,7076,37141130
4076,7077,77712439
4077,7078,110627965
4078,7079,12396383
4079,7080,0
4080,7081,0
4081,7082,0
4082,7083,0
4083,7084,0
4084,7085,0
4085,7086,0
4086,7087,0
4087,7088,0
4088,7089,0
4089,7090,0
4090,7091,28890240
4091,7092,216909830
4092,7093,17709155
4093,7094,29381649
4094,7095,176669
4095,7096,1574623
4096,7097,201585328
4097,7098,25792310
4098,7099,289317794
4099,7100,295750
4100,7101,30641770
4101,7102,3910019
4102,7103,12299668
4103,7104,6278139
4104,7105,41170784
4105,7106,17500000
4106,7107,11875866
4107,7108,551760
4108,7109,41092328
4109,7110,3250537
4110,7111,0
4111,7112,0
4112,7113,0
4113,7114,0
4114,7115,0
4115,7116,0
4116,7117,0
4117,7118,0
4118,7119,0
4119,7120,0
4120,7121,3180674
4121,7122,3000000
4122,7123,44872
4123,7124,966550600
4124,7125,44235023
4125,7126,677945399
4126,7127,53854588
4127,7128,2665322
4128,7129,6600000
4129,7130,17985893
4130,7131,3803298
4131,7132,71079915
4132,7133,179265204
4133,7134,14397593
4134,7135,74679822
4135,7136,43101594
4136,7137,37095657
4137,7138,20966644
4138,7139,48390
4139,7140,291420351
4140,7141,0
4141,7142,0
4142,7143,0
4143,7144,0
4144,7145,0
4145,7146,0
4146,7147,0
4147,7148,0
4148,7149,0
4149,7150,0
4150,7151,51718367
4151,7152,12007070
4152,7153,70958
4153,7154,4603929
4154,7155,246233113
4155,7156,12918858
4156,7157,93246388
4157,7158,6508
4158,7159,14011454
4159,7160,1672940
4160,7161,21819348
4161,7162,303144152
4162,7163,40423945
4163,7164,7449681
4164,7165,254212245
4165,7166,37608299
4166,7167,694600
4167,7168,1076075
4168,7169,15614000
4169,7170,1027699
4170,7171,0
4171,7172,0
4172,7173,0
4173,7174,0
4174,7175,0
4175,7176,0
4176,7177,0
4177,7178,0
4178,7179,0
4179,7180,0
4180,7181,0
4181,7182,50871113
4182,7183,822
4183,7184,1238764765
4184,7185,24058838
4185,7186,73983359
4186,7187,2084628
4187,7188,63647656
4188,7189,23144499
4189,7190,250000
4190,7191,116806
4191,7192,37402877
4192,7193,27150534
4193,7194,214034224
4194,7195,48548426
4195,7196,41400000
4196,7197,16624456
4197,7198,5738952
4198,7199,61782
4199,7200,98837872
4200,7201,2052466
4201,7202,0
4202,7203,0
4203,7204,0
4204,7205,0
4205,7206,0
4206,7207,0
4207,7208,0
4208,7209,0
4209,7210,0
4210,7211,0
4211,7212,267447150
4212,7213,47494916
4213,7214,368780809
4214,7215,54700105
4215,7216,37384046
4216,7217,27953
4217,7218,17062499
4218,7219,12000000
4219,7220,27674124
4220,7221,100129872
4221,7222,15705007
4222,7223,22228000
4223,7224,3000000
4224,7225,5
4225,7226,23341568
4226,7227,14793624
4227,7228,6108720
4228,7229,1531251
4229,7230,102986
4230,7231,9747
4231,7232,0
4232,7233,0
4233,7234,0
4234,7235,0
4235,7236,0
4236,7237,0
4237,7238,0
4238,7239,0
4239,7240,0
4240,7241,0
4241,7242,48919043
4242,7243,19000000
4243,7244,183474602
4244,7245,4978922
4245,7246,19319254
4246,7247,0
4247,7248,635096
4248,7249,16157801
4249,7250,201275
4250,7251,15345201
4251,7252,35000000
4252,7253,3387000
4253,7254,69995385
4254,7255,1700000
4255,7256,43042835
4256,7257,2152738
4257,7258,32005248
4258,7259,22593409
4259,7260,11532
4260,7261,738599701
4261,7262,0
4262,7263,0
4263,7264,0
4264,7265,0
4265,7266,0
4266,7267,0
4267,7268,0
4268,7269,0
4269,7270,0
4270,7271,7800000
4271,7272,0
4272,7273,1777043
4273,7274,880474
4274,7275,62076141
4275,7276,8
4276,7277,341631208
4277,7278,211817906
4278,7279,296655431
4279,7280,95020213
4280,7281,0
4281,7282,65565672
4282,7283,160112671
4283,7284,2606000
4284,7285,20645327
4285,7286,381109762
4286,7287,14394097
4287,7288,18074539
4288,7289,256697520
4289,7290,7200000
4290,7291,0
4291,7292,0
4292,7293,0
4293,7294,0
4294,7295,0
4295,7296,0
4296,7297,0
4297,7298,0
4298,7299,0
4299,7300,0
4300,7301,0
4301,7302,924793
4302,7303,4214668
4303,7304,44909486
4304,7305,3527636
4305,7306,798958165
4306,7307,294064
4307,7308,100477
4308,7309,44785053
4309,7310,882290
4310,7311,27007072
4311,7312,72108608
4312,7313,294804195
4313,7314,56100000
4314,7315,6436211
4315,7316,561085
4316,7317,3606395
4317,7318,71000000
4318,7319,6676471
4319,7320,47309313
4320,7321,404075
4321,7322,0
4322,7323,0
4323,7324,0
4324,7325,0
4325,7326,0
4326,7327,0
4327,7328,0
4328,7329,0
4329,7330,0
4330,7331,0
4331,7332,221303188
4332,7333,131282949
4333,7334,1162422
4334,7335,78756177
4335,7336,1596371
4336,7337,12136938
4337,7338,20246790
4338,7339,63372757
4339,7340,3800000
4340,7341,2035470
4341,7342,104876233
4342,7343,67790117
4343,7344,5839164
4344,7345,18137661
4345,7346,4711220
4346,7347,29950000
4347,7348,45895
4348,7349,18720175
4349,7350,20722843
4350,7351,50907234
4351,7352,0
4352,7353,0
4353,7354,0
4354,7355,0
4355,7356,0
4356,7357,0
4357,7358,0
4358,7359,0
4359,7360,0
4360,7361,0
4361,7362,70016220
4362,7363,1108561013
4363,7364,458557
4364,7365,101624843
4365,7366,37597471
4366,7367,0
4367,7368,64783827
4368,7369,1397284
4369,7370,22211426
4370,7371,2400000
4371,7372,89519773
4372,7373,185770160
4373,7374,33800000
4374,7375,45361000
4375,7376,56878
4376,7377,5200000
4377,7378,53830415
4378,7379,72617068
4379,7380,6075
4380,7381,9496130
4381,7382,0
4382,7383,0
4383,7384,0
4384,7385,0
4385,7386,0
4386,7387,0
4387,7388,0
4388,7389,0
4389,7390,0
4390,7391,0
4391,7392,47536959
4392,7393,440603537
4393,7394,35402320
4394,7395,69631118
4395,7396,53977250
4396,7397,14674076
4397,7398,24517
